Entity,Embedding
Asia,"[-0.05016806+0.01042099j -0.02719996+0.01232303j  0.02388842-0.0325912j
 ...  0.02442559+0.04575058j -0.04761078+0.00967572j
 -0.03825889-0.01547873j]"
China,"[ 0.01817574-0.01440909j  0.01449041+0.02517223j  0.0115716 -0.02160217j
 ... -0.00527141+0.02811722j -0.0188041 +0.04698118j
 -0.01134379+0.04590465j]"
Chinese,"[-0.01929619-0.0417113j   0.03297006+0.00630926j  0.03568167-0.03408654j
 ... -0.04385909+0.00814594j  0.03631126+0.01158252j
  0.01881441+0.04243249j]"
English,"[ 0.01354881+0.00253533j -0.01008681-0.00333561j  0.02037398-0.03826198j
 ... -0.050919  -0.05290291j  0.00251247-0.03308857j
  0.05305982+0.05137369j]"
Europe,"[-0.00695724-0.0295433j   0.00233149-0.00612508j  0.01475772+0.02016621j
 ...  0.03796501-0.040747j   -0.03792867+0.01566779j
  0.02828787+0.03916748j]"
France,"[-0.01527106+0.0380148j   0.02165443-0.00821827j  0.04388576-0.03514297j
 ... -0.04952179+0.02077843j -0.00222839-0.05116796j
 -0.02151824+0.04429821j]"
French,"[ 0.00546445-0.01466474j  0.01761838+0.02812441j  0.0289211 +0.00351913j
 ...  0.04859003+0.04781887j -0.0013692 +0.02970699j
  0.00133464-0.00569047j]"
North_America,"[ 0.0121335 +0.02760248j -0.03087699-0.04169669j  0.02871809-0.00146317j
 ... -0.03172932-0.04175993j  0.01703213+0.0550761j
  0.00084176-0.00931716j]"
USA,"[-0.01676747+0.01243442j -0.0293314 -0.03988221j -0.00431682-0.03615196j
 ...  0.04469001+0.02533026j -0.03906574-0.04110296j
 -0.01087776+0.00161268j]"
