Relation,Embedding
has_language,"[ 0.4519966 +0.8920196j   0.88627315+0.46316293j  0.2663694 -0.96387094j
 ...  0.9874486 -0.15794067j -0.604783  -0.79639035j
 -0.7620706 -0.6474938j ]"
located_in,"[-0.4191835 +0.90790147j -0.64966637+0.7602194j   0.5009653 +0.86546737j
 ... -0.8929443 +0.45016727j -0.6383126 -0.7697773j
  0.34902868+0.9371121j ]"
